{
  "co2": [
    [
      26.501636169398804,
      0.1885378527782926,
      8.083866097210185
    ],
    [
      27.420406435906045,
      -0.12580676249991884,
      8.7184121240891
    ],
    [
      28.339176702413273,
      -0.4401513777781314,
      9.352958150968007
    ],
    [
      9.122567075103428,
      17.278499155037753,
      8.524551822654399
    ],
    [
      8.926931093217396,
      16.136442188560856,
      8.579619489329861
    ],
    [
      8.731295111331365,
      14.994385222083961,
      8.634687156005324
    ],
    [
      16.811067230344836,
      30.892471263511254,
      8.72899330929752
    ],
    [
      17.562893472576803,
      30.33179444293984,
      8.046352258403795
    ],
    [
      18.31471971480877,
      29.771117622368426,
      7.363711207510069
    ]
  ],
  "n2": [
    [
      32.75493754433706,
      3.836345947964046,
      5.8459381246052935
    ],
    [
      32.396789225939486,
      4.012430935501177,
      6.224387406799141
    ],
    [
      32.03864090754191,
      4.188515923038308,
      6.602836688992989
    ],
    [
      27.3481442869966,
      12.533747614804877,
      22.630584513505088
    ],
    [
      27.25889393721571,
      11.991946402181448,
      22.59918672594337
    ],
    [
      27.16964358743482,
      11.450145189558018,
      22.56778893838165
    ]
  ]
}