feature,importance
D_mc-chi-3,0.11606940489493116
cell_22_0,0.10743084065731269
density_1,0.10188284436812713
mean_displacement_A,0.10067828640219453
f-link-S-0,0.10036145977653388
f-link-Z-2,0.09946864997418392
max_displacement_A,0.09479867870033816
f-link-chi-0,0.09463825658995229
f-link-Z-0,0.0934169644030812
f-link-Z-1,0.09125461423334526
