feature,importance
mc-S-1_0,0.11504594966242385
D_mc-chi-3_0,0.11390331873616565
cell_02_0,0.10752571072297872
LFPD,0.10749133360377144
f-link-Z-2_0,0.10514173784790556
f-link-S-0_0,0.10120866549455118
f-link-T-2_0,0.09868529271382044
f-link-S-2_0,0.09193579961214811
f-link-Z-0_0,0.08847086798553307
f-link-I-2_0,0.070591323620702
